{
  "Name": "Forgotten City Arches",
  "Coordinates": [
    {
      "Name": "GLIDEDOWN-THENCHANGELOCATION",
      "X": 405.206,
      "Y": -4.03311,
      "Z": 297.167
    },
    {
      "Name": "",
      "X": 376.583,
      "Y": 0.467844,
      "Z": 203.645
    },
    {
      "Name": "",
      "X": 323.364,
      "Y": 1.98181,
      "Z": 189.413
    },
    {
      "Name": "",
      "X": 250.353,
      "Y": 1.22251,
      "Z": 143.058
    }
  ]
}
