{
  "Name": "W2 Farm",
  "Coordinates": [
    {
      "Name": "W2_Entrance",
      "X": 4.53625,
      "Y": 1.84528,
      "Z": 279.298
    },
    {
      "Name": "W2Z1_Boss",
      "X": -76.3076,
      "Y": -348.493,
      "Z": 265.279
    },
    {
      "Name": "W2Z2_Boss",
      "X": 410.28,
      "Y": 296.237,
      "Z": 366.635
    },
    {
      "Name": "W2Z4_Boss",
      "X": -442.069,
      "Y": -54.9196,
      "Z": 507.853
    }
  ]
}
