{
  "Name": "Forest of Niflhel",
  "Coordinates": [
    {
      "Name": "Crmlech",
      "X": -144.464,
      "Y": 58.7851,
      "Z": 6.75017
    },
    {
      "Name": "Mine",
      "X": 129.31,
      "Y": 60.7061,
      "Z": 15.1485
    },
    {
      "Name": "strength",
      "X": -4.26887,
      "Y": 155.98,
      "Z": 25.1634
    }
  ]
}
