{
  "Name": "Revenge of the Capricorn",
  "Coordinates": [
    {
      "Name": "Dock",
      "X": -129.511,
      "Y": 46.259,
      "Z": 9.20793
    },
    {
      "Name": "Bazar",
      "X": 121.756,
      "Y": 51.224,
      "Z": 5.95793
    },
    {
      "Name": "Arcade",
      "X": 0.652824,
      "Y": -53.4218,
      "Z": 10.7416
    }
  ]
}
