{
  "Name": "WP",
  "Coordinates": [
    {
      "Name": "",
      "X": 670.421,
      "Y": 178.12,
      "Z": 1.21168
    },
    {
      "Name": "",
      "X": -152.408,
      "Y": 851.301,
      "Z": 1.59291
    }
  ]
}
