{
  "Name": "WP",
  "Author": "Bloodmagicball",
  "Coordinates": [
    {
      "Name": "WP1",
      "X": -64.0408,
      "Y": 330.125,
      "Z": 86.543
    },
    {
      "Name": "WP2",
      "X": 19.3353,
      "Y": 7.25832,
      "Z": 84.9034
    },
    {
      "Name": "WP3",
      "X": 26.8513,
      "Y": 43.8871,
      "Z": 57.7264
    },
    {
      "Name": "WP4",
      "X": 58.1513,
      "Y": 41.4306,
      "Z": 1.68935
    }
  ]
}
