{
  "Name": "Loot",
  "Coordinates": [
    {
      "Name": "Chest1",
      "X": 267.384,
      "Y": -79.4847,
      "Z": -0.717818
    },
    {
      "Name": "Chest2",
      "X": 5.43059,
      "Y": -143.416,
      "Z": 105.713
    },
    {
      "Name": "Chest3",
      "X": 349.411,
      "Y": -448.712,
      "Z": 92.894
    },
    {
      "Name": "Chest4",
      "X": -116.186,
      "Y": 74.1635,
      "Z": 131.503
    }
  ]
}
