{
  "Name": "WP",
  "Coordinates": [
    {
      "Name": "WP1",
      "X": -665.933,
      "Y": -432.633,
      "Z": 0.155387
    },
    {
      "Name": "WP2",
      "X": -42.344,
      "Y": -121.182,
      "Z": 1.26299
    }
  ]
}
